feature,importance
b4,0.5581248631081296
rpm,0.263585846809469
stat,0.13377839397078312
b7,0.025958926867471643
b5,0.018063439811757124
dyn,0.0004885294323895567
counter,0.0
b6,0.0
